Connector,Physical pin number,PCB net
CN1,1,GND
CN1,2,VDD
CN1,3,PIN11
CN1,4,PIN12
CN1,5,PIN13
CN1,6,PIN4
CN1,7,GND
CN1,8,GND
CN2,1,GND
CN2,2,VDD
CN2,3,SDA
CN2,4,SCL
CN2,5,GND
CN2,6,GND
P1,1,PIN7
P1,2,PIN6
P1,3,PIN5
P1,4,PIN4
P1,5,PIN3
P1,6,PIN2
P1,7,P1_7
P1,8,P1_8
P2,1,SCL
P2,2,SDA
P2,3,P2_3
P2,4,GND
P2,5,PIN13
P2,6,PIN12
P2,7,PIN11
P2,8,PIN10
P2,9,PIN9
P2,10,PIN8
P3,1,PINA0
P3,2,PINA1
P3,3,PINA2
P3,4,PINA3
P3,5,PINA4
P3,6,PINA5
P4,1,P4_1
P4,2,P4_2
P4,3,P4_3
P4,4,3.3V
P4,5,+5V
P4,6,GND
P4,7,GND
P4,8,VIN
P_ENC1,1,ENC_A
P_ENC1,2,ENC_B
P_ENC1,3,ENC_I
P_ENC1,4,GND
P_ENC1,5,VDD
